[
  {
    "id": "_pb_users_auth_",
    "name": "users",
    "type": "auth",
    "system": false,
    "schema": [
      {
        "id": "users_name",
        "name": "name",
        "type": "text",
        "system": false,
        "required": false,
        "unique": false,
        "options": {
          "min": null,
          "max": null,
          "pattern": ""
        }
      },
      {
        "id": "users_avatar",
        "name": "avatar",
        "type": "file",
        "system": false,
        "required": false,
        "unique": false,
        "options": {
          "maxSelect": 1,
          "maxSize": 5242880,
          "mimeTypes": [
            "image/jpg",
            "image/jpeg",
            "image/png",
            "image/svg+xml",
            "image/gif"
          ],
          "thumbs": null
        }
      }
    ],
    "listRule": "id = @request.auth.id",
    "viewRule": "id = @request.auth.id",
    "createRule": "",
    "updateRule": "id = @request.auth.id",
    "deleteRule": "id = @request.auth.id",
    "options": {
      "allowEmailAuth": true,
      "allowOAuth2Auth": true,
      "allowUsernameAuth": true,
      "exceptEmailDomains": null,
      "manageRule": null,
      "minPasswordLength": 8,
      "onlyEmailDomains": null,
      "requireEmail": false
    }
  },
  {
    "id": "glgfha7cmc2ni4a",
    "name": "updates",
    "type": "base",
    "system": false,
    "schema": [
      {
        "id": "ywa5ssgn",
        "name": "title",
        "type": "text",
        "system": false,
        "required": false,
        "unique": false,
        "options": {
          "min": null,
          "max": null,
          "pattern": ""
        }
      },
      {
        "id": "puejiybj",
        "name": "description",
        "type": "text",
        "system": false,
        "required": false,
        "unique": false,
        "options": {
          "min": null,
          "max": null,
          "pattern": ""
        }
      }
    ],
    "listRule": "",
    "viewRule": null,
    "createRule": null,
    "updateRule": null,
    "deleteRule": null,
    "options": {}
  }
]